CompanyName,CompanyNumber,RegAddress.AddressLine1,RegAddress.PostTown,RegAddress.PostCode,Source,SourceURL,VATCandidate,HMRCValid,HMRCName,HMRCAddress,CompanyMatch,FinalStatus,Notes
AJ PARTITIONS AND CEILINGS LTD,14816463,PARKINS ACCOUNTANTS,ROTHERHAM,S66 2BL,,,,,,,,NOT CHECKED,
ANDREWS RESIDENTIAL LIMITED,12574830,"OFFICE 5, MARLOWE HOUSE WATLING STREET",LEIGHTON BUZZARD,LU7 9LS,,,,,,,,NOT CHECKED,
AOB SUBSEA LTD,SC682059,4 WEST CRAIBSTONE STREET,ABERDEEN,AB11 6YL,,,,,,,,NOT CHECKED,
ARLINGTON GROUP ASSET MANAGEMENT LIMITED,02359077,15 WHITEHALL,LONDON,SW1A 2DD,,,,,,,,NOT CHECKED,
ASTRAZENECA UK LIMITED,03674842,1 FRANCIS CRICK AVENUE,CAMBRIDGE,CB2 0AA,,,,,,,,NOT CHECKED,
AUDIO NUTRITION LTD,17027036,160 PRESTON NEW ROAD,BLACKPOOL,FY4 4HE,,,,,,,,NOT CHECKED,
AV GLOBAL HOLDINGS LTD,17196916,7 DOVE GARDENS,PETERBOROUGH,PE2 9PX,,,,,,,,NOT CHECKED,
AVTAR INVESTMENTS LTD,16376979,11 HORNBY ROAD,WOLVERHAMPTON,WV4 5EU,,,,,,,,NOT CHECKED,
B & D ELIAS PROPERTIES LTD,12885766,4 HIGH STREET,SWANSEA,SA8 4HU,,,,,,,,NOT CHECKED,
BLAIRGOWRIE EVANGELICAL CHURCH SCIO,CS007183,,,,,,,,,,,NOT CHECKED,
BLOOMSBURY COURT INTERIORS LIMITED,14669938,436-438 GREEN LANES,LONDON,N13 5XG,,,,,,,,NOT CHECKED,
BRACI1 LIMITED,09036672,11 BRINDLEY PLACE,BIRMINGHAM,B1 2LP,,,,,,,,NOT CHECKED,
BURLINGTON WELLESLEY SEARCH LIMITED,08319137,16 BEAUFORT COURT,LONDON,E14 9XL,,,,,,,,NOT CHECKED,
CAD CONSULTANTS LTD,08428844,42 APPLEBEES MEADOW,HINCKLEY,LE10 0FL,,,,,,,,NOT CHECKED,
CANDEY LIMITED,08225765,8 STONE BUILDINGS,LONDON,WC2A 3TA,,,,,,,,NOT CHECKED,
CHARLIE PERKINS LIMITED,04552314,C/O AZETS ORION HOUSE (GROUND FLOOR),KETTERING,NN15 6PE,,,,,,,,NOT CHECKED,
CHRONOBAND104 LTD,11693997,53 VICTORIA AVENUE,BARROW-IN-FURNESS,LA14 5JZ,,,,,,,,NOT CHECKED,
CLARITY FINANCIAL LIMITED,NI686959,35 MCCRAES BRAE,CARRICKFERGUS,BT38 9NZ,,,,,,,,NOT CHECKED,
CO BUILT FABRICATION LIMITED,07599257,2-3 SHELDON HOUSE,SHIPSTON-ON-STOUR,CV36 4AF,,,,,,,,NOT CHECKED,
CUBAN BOXING ACADEMY CIC,12994677,CUBAN BOXING ACADEMY 61 - 63 BARD ROAD,LONDON,W10 6TH,,,,,,,,NOT CHECKED,
CUENCA HOLDINGS LTD,17005727,71-75 SHELTON STREET,LONDON,WC2H 9JQ,,,,,,,,NOT CHECKED,
DATE PALM NURSERIES LTD,12744699,DATE PALM NURSERIES LTD,LONDON,E1 1EJ,,,,,,,,NOT CHECKED,
EAST LONDON SEND SUPPORT AND CONSULTANCY LTD,16586254,244 BECK SQUARE,LONDON,E10 7GA,,,,,,,,NOT CHECKED,
ELIADE & ELIORA LTD,15235246,22 WHEATFIELD,HEMEL HEMPSTEAD,HP2 5YT,,,,,,,,NOT CHECKED,
F.M.L. ROBERTS (ENGINEERS) LIMITED,00721433,OAKLEY HOUSE GARAGE WELLINGTON ROAD,TELFORD,TF4 3BT,,,,,,,,NOT CHECKED,
FIRSTLOOKCV LTD,16683860,4 MARIGOLD DRIVE,ASHFORD,TN24 0NF,,,,,,,,NOT CHECKED,
FLOW MOTION PICTURE SERVICES LTD,09134901,C/O RPGCC,LONDON,EC3V 0BT,,,,,,,,NOT CHECKED,
GENFORI LIMITED,15253740,21 BEACON ROAD,CHATHAM,ME5 7BW,,,,,,,,NOT CHECKED,
GLOBAL LINK INVESTMENT LIMITED,12172463,"GROUND FLOOR, FINCHALE HOUSE",DURHAM,DH1 1TW,,,,,,,,NOT CHECKED,
GO FLOW DRAINAGE LTD,16991809,32 THE CRESCENT,SPALDING,PE11 1AF,,,,,,,,NOT CHECKED,
GOOP MEDIA LIMITED,17350554,29 KEITH GROVE,LONDON,W12 9EY,,,,,,,,NOT CHECKED,
GORILLA AGENCY LTD,16725888,71-75 SHELTON STREET,LONDON,WC2H 9JQ,,,,,,,,NOT CHECKED,
HAFFNER KITCHEN LTD,13739649,4 CAPRICORN CENTRE,BASILDON,SS14 3JJ,,,,,,,,NOT CHECKED,
HEDGEMAN ASSOCIATES LIMITED,09221800,HOLM OAK,MAIDENHEAD,SL6 9UB,,,,,,,,NOT CHECKED,
HIMBOL SHOPPING CENTRE LIMITED,16278184,136-150 SOHO HILL,BIRMINGHAM,B19 1AF,,,,,,,,NOT CHECKED,
IMAGE SCAN HOLDINGS PLC,03062983,16 & 18 HAYHILL,LOUGHBOROUGH,LE12 8LD,,,,,,,,NOT CHECKED,
IN2INTERIORS LTD,08620572,17 THE RYDE,STAINES UPON THAMES,TW18 2SL,,,,,,,,NOT CHECKED,
INFINIITY 3 CONTRACTS LIMITED,08626768,30 DRAPER CLOSE,GRAYS,RM20 4BJ,,,,,,,,NOT CHECKED,
INKY SIREN LTD,16927638,153 RALEIGH CRESCENT,STEVENAGE,SG2 0EB,,,,,,,,NOT CHECKED,
INTERNATIONAL PENTECOSTAL HOLINESS CHURCH (IPHC) IN SCOTLAND,CS007797,,,,,,,,,,,NOT CHECKED,
IPLEX PICTURES LTD,13907680,28-29 THE BROADWAY NO:1,LONDON,W5 2NP,,,,,,,,NOT CHECKED,
J & D ESTATE HOLDINGS LTD,15690797,2-3 CHARTER POINT WAY,ASHBY-DE-LA-ZOUCH,LE65 1NF,,,,,,,,NOT CHECKED,
J & H HOUSING LTD,13646894,114 FALLOWFIELD ROAD,COLCHESTER,CO2 9NB,,,,,,,,NOT CHECKED,
JEM HOLDINGS (CORNWALL) LIMITED,14993238,UNIT 2 NEWQUAY ROAD BUSINESS PARK,ST COLUMB,TR9 6RT,,,,,,,,NOT CHECKED,
JK CONSTRUCTION (HAMPSHIRE) LIMITED,09578596,12 BEECH RIDE,SANDHURST,GU47 8PR,,,,,,,,NOT CHECKED,
JOE DAWSONS OF BUCKIE FUNERAL HOME LTD,SC760936,25 EAST CATHCART STREET,BUCKIE,AB56 1PJ,,,,,,,,NOT CHECKED,
JTD CONNECTIONS LIMITED,08581509,2 LATTON CLOSE,ESHER,KT10 8PX,,,,,,,,NOT CHECKED,
KLIMATECH MANAGEMENT LIMITED,09097336,11 ALMA ROAD,KING'S LYNN,PE31 7NY,,,,,,,,NOT CHECKED,
KOMRON INDUSTRIAL COMPANY GROUP LTD,05885847,SUITE 12 2ND FLOOR QUEENS HOUSE,LONDON,W1T 7PD,,,,,,,,NOT CHECKED,
LAURENCE MURRAY LIMITED,06015456,93 ALDWICK ROAD,WEST SUSSEX,PO21 2NW,,,,,,,,NOT CHECKED,
LINEAGE PROPERTY MANAGEMENT LTD,15300651,21 21 CHATSWORTH RISE,COVENTRY,CV3 5NR,,,,,,,,NOT CHECKED,
LWCN PROPERTIES LTD,17112861,LANDMARK HOUSE 43-45,BOOTLE,L20 7AP,,,,,,,,NOT CHECKED,
M & A BELL (ELECTRICALS) LIMITED,08337117,22 RIVERSIDE STUDIOS AMETHYST ROAD,NEWCASTLE UPON TYNE,NE4 7YL,,,,,,,,NOT CHECKED,
MAGUEY MT INVESTMENTS LIMITED,13581650,2ND FLOOR,LONDON,EC2A 3DQ,,,,,,,,NOT CHECKED,
MARRA MADE LTD,16396494,80 BARNSLEY ROAD,PONTEFRACT,WF9 4QX,,,,,,,,NOT CHECKED,
NICK CLAYTON LIMITED,04944622,865 DREWITT HOUSE,BOURNEMOUTH,BH11 8LW,,,,,,,,NOT CHECKED,
NIPUN UK LTD,10173237,14 TALBOT CLOSE,MITCHAM,CR4 1FF,,,,,,,,NOT CHECKED,
NORTH ROAD BUILD LTD,16418116,38 HIGH STREET,HECKMONDWIKE,WF16 0AQ,,,,,,,,NOT CHECKED,
NWG ARCHITECTURE LTD,15602230,2A-3A MARKET GATE,PERSHORE,WR10 1DZ,,,,,,,,NOT CHECKED,
ONE WORLD COMMODITIES LIMITED,08766152,1 ELMFIELD PARK,BROMLEY,BR1 1LU,,,,,,,,NOT CHECKED,
PANGAEA PROPERTIES LIMITED,05457934,"15 BOLTONS LANE, BINFIELD",BERKSHIRE,RG42 4UA,,,,,,,,NOT CHECKED,
PDW CONSULTANCY LTD,15876968,5 BRAYFORD SQUARE,LONDON,E1 0SG,,,,,,,,NOT CHECKED,
PERFECTION IN LEARNING LTD,10560004,WINDY RIDGE FEATHERBED LANE,HAILSHAM,BN27 4HX,,,,,,,,NOT CHECKED,
PERNO LEISURE LIMITED,09476731,UNIT I CLAYTON BUSINESS CENTRE,LEEDS,LS10 2RJ,,,,,,,,NOT CHECKED,
PHILIP REEVE CONSULTING LIMITED,14678706,4 COUNTERS CLOSE,HEMEL HEMPSTEAD,HP1 1SE,,,,,,,,NOT CHECKED,
POLYMATHS R&D LIMITED,10553320,OXFORD UNIVERSITY INNOVATION BUXTON COURT,OXFORD,OX2 0JB,,,,,,,,NOT CHECKED,
POWER IN PEOPLE LTD,15457792,FLAT 1 ORCHARD HOUSE,BROMLEY,BR1 2AD,,,,,,,,NOT CHECKED,
POWERHAND LIMITED,SC218344,PARKGATE,DUMFRIES,DG1 3NB,,,,,,,,NOT CHECKED,
PVP DEVELOPMENTS LTD,SC464552,"1/1, 15 NORTH CLAREMONT STREET",GLASGOW,G3 7NR,,,,,,,,NOT CHECKED,
RECYCLE GEMINI LTD,16756798,71 LADIES LANE,WIGAN,WN2 2QG,,,,,,,,NOT CHECKED,
RESONANT COACH LTD,17094455,7 THE GRANGE,WAKEFIELD,WF3 3TR,,,,,,,,NOT CHECKED,
REVIVAL RACING MOTORCYCLE CLUB LTD,NI658068,35 POND PARK ROAD LISBURN,LISBURN,BT28 3LA,,,,,,,,NOT CHECKED,
RONKAR LTD,07757394,12 PARTRIDGE DRIVE,ORPINGTON,BR6 8PE,,,,,,,,NOT CHECKED,
ROSEWOOD CONTRACTORS LTD,13808263,80-81 ST. MARTIN'S LANE,LONDON,WC2N 4AA,,,,,,,,NOT CHECKED,
ROVAIRE LIMITED,16892529,2ND FLOOR NORTHUMBERLAND HOUSE,LONDON,WC1V 7JZ,,,,,,,,NOT CHECKED,
S & S PROPERTY RENTALS LTD,16270421,21 PENROSE GARDENS,MIDDLETON,M24 2SY,,,,,,,,NOT CHECKED,
SAIESH CONSULTING LTD,10759773,68 WESTMOUNT CLOSE,WORCESTER PARK,KT4 8FL,,,,,,,,NOT CHECKED,
SANGNAA LIMITED,09444645,168 LONGBRIDGE ROAD,BARKING,IG11 8SS,,,,,,,,NOT CHECKED,
SAXILBY PROPERTIES LTD,04887044,31 ABBEY ROAD,,DN32 0HQ,,,,,,,,NOT CHECKED,
SDA INFRASTRUCTURE LTD,17038292,"3RD FLOOR, 86-90",LONDON,EC2A 4NE,,,,,,,,NOT CHECKED,
SHAMZECO LIMITED,16105185,10 KELSALL GROVE,LEEDS,LS6 1QY,,,,,,,,NOT CHECKED,
SILVERFOX PROPERTY GROUP LTD,14969316,128 CITY ROAD,LONDON,EC1V 2NX,,,,,,,,NOT CHECKED,
SONOBOTICS LTD,12318687,20-22 WENLOCK ROAD,LONDON,N1 7GU,,,,,,,,NOT CHECKED,
SPARKSIGHT LTD,16230904,11 LINACRE AVENUE,NORWICH,NR7 8PF,,,,,,,,NOT CHECKED,
SPURS HEALTH SOLUTIONS LTD,17277904,APARTMENT 7 N V BUILDING,SALFORD,M50 3BB,,,,,,,,NOT CHECKED,
SQUAREWALK LIMITED,01894466,UNIT 14 PARK ROAD ESTATE,TIMPERLEY,WA14 5QH,,,,,,,,NOT CHECKED,
SQUIDDY LTD,12959277,10 THE SWEYNS,HARLOW,CM17 9BL,,,,,,,,NOT CHECKED,
STAYCITY STRAND LIMITED,09026493,STAYCITY APARTHOTELS HEATHROW HIGH,HAYES,UB3 4FN,,,,,,,,NOT CHECKED,
STERLING GLOBAL PROPERTY MANAGEMENT LTD,16682360,6 PARADISE STREET,RHYL,LL18 3LW,,,,,,,,NOT CHECKED,
SWISS BREAD (UK) LIMITED,09519153,175 ASHBURNHAM ROAD,RICHMOND,TW10 7NR,,,,,,,,NOT CHECKED,
SWOUDOU LTD,16532357,124 CITY  ROAD,LONDON,EC1V 2NX,,,,,,,,NOT CHECKED,
THE ISLE OF SKYE BAKING COMPANY LIMITED,SC384970,ISLE OF SKYE BAKING COMPANY,PORTREE,IV51 9HF,,,,,,,,NOT CHECKED,
THE PEPPERPOT CATERING COMPANY LTD,12100654,151 HASLINGDEN ROAD,BLACKBURN,BB1 2ND,,,,,,,,NOT CHECKED,
TIDY HOLDINGS LIMITED,06836243,UNIT 2 PENTAGON ISLAND,DERBY,DE21 6BW,,,,,,,,NOT CHECKED,
TROJIS LTD,17350389,45 DUDLEY CLOSE,GRAYS,RM16 6PF,,,,,,,,NOT CHECKED,
TUTOM LIMITED,16259094,UNIT 82A JAMES CARTER ROAD,BURY ST. EDMUNDS,IP28 7DE,,,,,,,,NOT CHECKED,
VAE HEALTH LTD,14454935,2 HAWTHORN CLOSE,GNOSALL,ST20 0LY,,,,,,,,NOT CHECKED,
WEST MIDLANDS MORTGAGE CENTRE LIMITED,10405186,AUCKLAND HOUSE,SWINDON,SN5 8UB,,,,,,,,NOT CHECKED,
WHISPER AND SHOUT CREATIVE LIMITED,09874714,28 BROCK STREET,BATH,BA1 2LN,,,,,,,,NOT CHECKED,
WILLS AND WILKIN LIMITED,00774750,THE ORIEL ROOM WARE PRIORY,WARE,SG12 9AL,,,,,,,,NOT CHECKED,
